{
  "goodbyeReplyLines": {
    "1.0": "886",
    "2.0": "再见！",
    "3.0": "Bye!",
    "4.0": "下次再见"
  },
  "antiDirtyWordsReplyLines": {
    "1.0": "Watch your language!",
    "2.0": "嘴巴放干净点！"
  },
  "antiOverwatchGameReplyLines": {
    "3.0": "狗都不玩",
    "4.0": "不会吧不会吧不会真的有人还在玩吧？",
    "5.0": "投资人：“守望先锋的活跃玩家一直在下滑，你们有什么头绪吗？”OW开发组：“他们就只是消失了！”",
    "6.0": "在守望先锋里，你告诉队友对面有挂，队友只会骂你“菜就承认”然后把自己的挂拉满。",
    "7.0": "为了矫正自己的脾气，我每讲一次脏话就要背5个单词。玩了四年守望我现在已经是英语语言文学博士了。",
    "9.0": "不要让别人毁了你的一天，这是属于你自己的生活。玩守望先锋，你可以亲自毁掉它。",
    "10.0": "当你恨你自己的时候，就去玩守望先锋吧。你会发现你原来可以如此憎恨其他人！"
  }
}