{
    "news_color":[
        "红色的",
        "纯黑的",
        "红中透紫的",
        "粉粉嫩嫩的",
        "深紫色",
        "黝黑的",
        "白嫩的",
        "肉色的"
    ],
    "outward":[
        "并且布满青筋的",
        "正在劳作的"
       
    ],
    "enchant":[
        "附魔上了经验修补的",
        "附魔上了火焰附加Ⅰ的",
        "附魔上了火焰附加Ⅱ的",
        "附魔上了火焰附加Ⅲ的",
        "附魔上了火焰附加Ⅳ的",
        "附魔上了火焰附加Ⅴ的",
        "附魔上了耐久Ⅰ的",
        "附魔上了耐久Ⅱ的",
        "附魔上了耐久Ⅲ的",
        "附魔上了耐久Ⅳ的",
        "附魔上了耐久Ⅴ的",
        "附魔上了力量Ⅰ的",
        "附魔上了力量Ⅱ的",
        "附魔上了力量Ⅲ的",
        "附魔上了力量Ⅳ的",
        "附魔上了力量Ⅴ的",
        "附魔上了荆棘Ⅰ的",
        "附魔上了荆棘Ⅱ的",
        "附魔上了荆棘Ⅲ的",
        "附魔上了荆棘Ⅳ的",
        "附魔上了荆棘Ⅴ的",
        "拥有消失诅咒的"
    ],
    "public_comment_0":[
        "很棒的牛子，下次还吃",
        "这根太大了，有点受不了"
    ],
    "public_comment_1":[
        "这个大小不错的"
    ],
    "public_comment_2":[
        "默认评价：很棒的牛子，下次还吃"
    ],
    "public_comment_3":[
        "默认评价：很棒的牛子，下次还吃"
    ],
    "public_comment_4":[
        "什么牛子，我怎么没看到"
    ],
    "public_comment_5":[
        "这个腔不错的"
    ],
    "news_evaluate_0":[
        "哪来的兽人，怎么会这么长！",
        "哇哦！天生巨根！",
        "FK ME,pls!",
        "顶，，顶到胃了！",
        "是打了激素嘛！"
    ],
    "news_evaluate_1":[
        "还是蛮长的"
    ],
    "news_evaluate_2":[
        "到了平均水准捏"
    ],
    "news_evaluate_3":[
        "好短！"
    ],
    "news_evaluate_4":[
        "看来你不擅长应对女人",
        "原来男性也能是飞机场",
        "像是被嘬掉了一样！"
    ],
    "news_evaluate_5":[
        "看来你的种族是龙，牛至他缩进去缝缝里去了欸！",
        "牛至！牛至他缩进去了欸！"
    ]
}